id,title,description,rating,price,imageSrc
223,شیرین عسل شوکوبیس,شوکو بیسکویت کاکائویی با شکلات و کرم شیری دریم شیرین عسل 80 گرم,10,25000,https://shirinika.com/wp-content/uploads/2020/01/5100.jpg
122,شیرین عسل قدیمی موزی,بیسکویت با روکش شکلات و مغزی موز 40 گرم آلبینا شیرین عسل - فروشگاه اینترنتی شیرینیکا,9,5000,https://shirinika.com/wp-content/uploads/2020/05/2404.jpg
134,شیرین عسل های بای,بیسکویت دورنگ مغزدار های بای شیرین عسل - 100 گرمی | بازار انبارنفت,8,15000,https://anbarnaft.com/uploads/de747473453f485f8af248a3d3e8826a.jpg
224,شیرین عسل ویفر,ویفر اکسترا پرتقالی 70 گرم شیرین عسل شیرین عسل - فروشگاه اینترنتی شیرینیکا,7,10000,https://behgaz.ir/wp-content/uploads/2024/01/dff8639d7e209fa85bf5d192767aeacffd5057e8_1635085967-400x400.jpg 
222,شیرین عسل پتی بور ,پلیست قیمت و مشخصات محصولات برند شیرین عسل - لوازم قنادی بهگز,6,8000,https://behgaz.ir/wp-content/uploads/2024/01/dff8639d7e209fa85bf5d192767aeacffd5057e8_1635085967-400x400.jpg 
523,شیرین عسل سی سی کیک,کیک سه لایه روکشدار سی سی شیرین عسل 40 گرمی - کارتن 36 عددی | فروش عمده,5,20000,https://etmarket.org/wp-content/uploads/2022/10/%D8%B3%DB%8C-%D8%B3%DB%8C-%D8%B4%DB%8C%D8%B1%DB%8C%D9%86-%D8%B9%D8%B3%D9%84.jpg 
823,شیرین عسل چوب شور,چوب شور شیرین عسل - دکان مارکت | سوپر مارکت آنلاین,4,5000,https://blog.okala.com/wholesale/wp-content/uploads/2022/05/%D8%A8%DB%8C%D8%B3%DA%A9%D9%88%DB%8C%DB%8C%D8%AA-%D9%BE%D8%AA%DB%8C-%D8%A8%D9%88%D8%B1-%D9%88%D8%A7%D9%86%DB%8C%D9%84-125-%DA%AF%D8%B1%D9%85%DB%8C-%D8%B4%DB%8C%D8%B1%DB%8C%D9%86-%D8%B9%D8%B3%D9%84-768x768.jpg  
923,شیرین عسل کیک,کیک مورنینگ وانیل و شکلات شیرین عسل - 100 گرم | بازار انبارنفت,3,25000,https://shirinika.com/wp-content/uploads/2020/01/5100.jpg  
883,شیرین عسل ماکسی,ویفر ماکسی 30گرم شیرین عسل (24عددی)(م.ک7000) - بنکداران,2,10000, https://shirinika.com/wp-content/uploads/2020/01/5100.jpg 
993,شیرین عسل هیس  فندقی,خرید و قیمت عمده محصولات برند شیرین عسل - افق کوروش,1,15000, https://shirinika.com/wp-content/uploads/2020/01/5100.jpg 
663,شیرین عسل بیسکوییت موزی,خرید بیسکویت کرم دار موز شیرین عسل مقدار 120 گرم - عمده و خرده - وان دی آف,10,10000,https://shirinika.com/wp-content/uploads/2020/01/5100.jpg  
555,شیرین عسل پلنتی,خرید شکلات شیرین عسل کیلویی + بهترین قیمت - آراد برندینگ,11,998000,https://shirinika.com/wp-content/uploads/2020/01/5100.jpg  
666,شیرین عسل های بای خرمایی,ارزش غذایی و کالری های بای خرمایی شیرین عسل - سلامتی من,12,15000,https://shirinika.com/wp-content/uploads/2020/01/5100.jpg  
157,شیرین عسل تاینی,کیک دوقلو تاینی شیرین عسل - 60 گرم | بازار انبارنفت,13,10000, https://shirinika.com/wp-content/uploads/2020/01/5100.jpg 
112,شیرین عسل آلبالویی,تاپ کیک آلبالویی شیرین عسل بسته 48 عددی – پخش مواد غذایی سعید کاظمی,14,15000,https://shirinika.com/wp-content/uploads/2020/01/5100.jpg  
124,شیرین عسل کیک توت فرنگی,قیمت و خرید کیک شیرین عسل لایه ای طعم توت فرنگی آلبینا - اصیل کالا,15,10000,https://shirinika.com/wp-content/uploads/2020/01/5100.jpg  
545,شیرین عسل تی تاپ,کیک شیرین عسل تی تب 50 گرم,16,8000, https://shirinika.com/wp-content/uploads/2020/01/5100.jpg 
983,شیرین عسل نان روغنی,شیرین عسل نان روغنی ۳۵ گرمی,17,5000,https://shirinika.com/wp-content/uploads/2020/01/5100.jpg  
953,شیرین عسل نانی,شیرین عسل نانی 22 گرمی | زاگرس مارکت,18,8000,https://shirinika.com/wp-content/uploads/2020/01/5100.jpg  
965,شیرین عسل نانی پسته ای,شیرین عسل شکلات مغزدار نوقا و کارامل پسته ای نانی ۴۰ گرم,19,25000,https://shirinika.com/wp-content/uploads/2020/01/5100.jpg  
